{
  "n_recordings": 4,
  "total_duration_sec": 2020.0072083333334,
  "rt60": {
    "min": 1.600808917820244,
    "max": 3.2220042950334276,
    "mean": 2.6087527146716956,
    "std": 0.6109682129563652,
    "median": 2.8060988229165553
  },
  "early_decay_time": {
    "min": 0.800404458910122,
    "max": 9.989524401451007,
    "mean": 5.292508251634304,
    "std": 4.235753888330556,
    "median": 5.190052073088044
  },
  "clarity_c50": {
    "min": -18.997867584228516,
    "max": -9.49062728881836,
    "mean": -12.35966157913208,
    "std": 3.867907955934862,
    "median": -10.475075721740723
  },
  "wet_dry": {
    "min": 0.488064719386084,
    "max": 0.6075729024920633,
    "mean": 0.5661533613664312,
    "std": 0.04646037666981009,
    "median": 0.5844879117937889
  },
  "vibrato_rate": {
    "min": 5.078125,
    "max": 6.54296875,
    "mean": 5.9677734375,
    "std": 0.548410059576613,
    "median": 6.125
  },
  "vibrato_depth": {
    "min": 11.364680731752903,
    "max": 50.0,
    "mean": 24.240301855077885,
    "std": 15.371410661920633,
    "median": 17.798263344279317
  },
  "pitch_stability": {
    "min": 394.68020889093907,
    "max": 651.0869252215667,
    "mean": 508.1452533779001,
    "std": 113.2720299529403,
    "median": 493.40693969954725
  },
  "pitch_drift": {
    "min": -0.7124420375225929,
    "max": 0.14874138040846063,
    "mean": -0.34211428970657154,
    "std": 0.3319954661861241,
    "median": -0.4023782508560769
  },
  "spectral_centroid": {
    "min": 1014.7228519859019,
    "max": 1927.565524319175,
    "mean": 1319.1580718173004,
    "std": 361.60671685813935,
    "median": 1167.1719554820625
  },
  "hnr": {
    "min": 2.786227179555273,
    "max": 4.628647318504264,
    "mean": 3.509279162002659,
    "std": 0.7079588288983163,
    "median": 3.3111210749755493
  },
  "spectral_flux": {
    "min": 0.7127081155776978,
    "max": 0.9302535653114319,
    "mean": 0.8153145015239716,
    "std": 0.0783035912670293,
    "median": 0.8091481626033783
  },
  "f1": {
    "min": 359.3919800254227,
    "max": 744.0141920593085,
    "mean": 576.1823994793899,
    "std": 138.9482508404811,
    "median": 600.6617129164143
  },
  "f2": {
    "min": 1135.6862104357754,
    "max": 1668.4620472535735,
    "mean": 1434.9639385963258,
    "std": 209.4426743257978,
    "median": 1467.8537483479772
  },
  "f3": {
    "min": 2627.215669993643,
    "max": 2709.639841627084,
    "mean": 2682.355419913462,
    "std": 32.29990744567003,
    "median": 2696.2830840165598
  },
  "harmonic_peak_width_cents": {
    "min": 15.0,
    "max": 15.0,
    "mean": 15.0,
    "std": 0.0,
    "median": 15.0
  },
  "inharmonicity": {
    "min": 0.02,
    "max": 0.02,
    "mean": 0.02,
    "std": 0.0,
    "median": 0.02
  },
  "am_depth": {
    "min": 0.1,
    "max": 0.1,
    "mean": 0.1,
    "std": 0.0,
    "median": 0.1
  },
  "estimated_pitch_scatter_cents": {
    "min": 10.0,
    "max": 10.0,
    "mean": 10.0,
    "std": 0.0,
    "median": 10.0
  },
  "peak_db": {
    "min": -7.354853630065918,
    "max": -3.694028854370117,
    "mean": -5.412675261497498,
    "std": 1.545877532075,
    "median": -5.3009092807769775
  },
  "rms_db": {
    "min": -28.205219268798828,
    "max": -21.29419708251953,
    "mean": -24.855645656585693,
    "std": 2.448982762025506,
    "median": -24.961583137512207
  },
  "crest_factor": {
    "min": 17.178226470947266,
    "max": 21.719369888305664,
    "mean": 19.442969799041748,
    "std": 2.14396694328047,
    "median": 19.43714141845703
  },
  "dynamic_range": {
    "min": 14.579238496730486,
    "max": 31.1436543444344,
    "mean": 22.789616939518396,
    "std": 6.690116918267123,
    "median": 22.717787458454346
  },
  "lufs": {
    "min": -29.892655688780497,
    "max": -22.964685081629646,
    "mean": -26.252047126081433,
    "std": 2.455772146352479,
    "median": -26.07542386695779
  },
  "compression_distribution": {
    "light": 2,
    "none": 2
  },
  "confidence": {
    "reverb": {
      "mean": 0.7820455355225886,
      "min": 0.7365128702746431
    },
    "pitch": {
      "mean": 0.27268559008467397,
      "min": 0.1732673305053037
    },
    "spectral": {
      "mean": 0.6900000000000002,
      "min": 0.6900000000000002
    }
  }
}